id,pageURL,type,tags,previewURL,previewWidth,previewHeight,webformatURL,webformatWidth,webformatHeight,largeImageURL,imageWidth,imageHeight,imageSize,views,downloads,collections,likes,comments,user_id,user,userImageURL,tags_types,popular,view_download_ratio
7312724,https://pixabay.com/photos/currants-plant-wild-berries-fruits-7312724/,photo,"currants, plant, wild berries",https://cdn.pixabay.com/photo/2022/07/10/12/11/currants-7312724_150.jpg,150,100,https://pixabay.com/get/g0656071854cc765e479916287489f24c3f4320ad1d801cc3707e1ae52690d1ae930bfe2044ac7d254e4c134a47bbd06b2bdae8e621e4222ee2839d14fc97018d_640.jpg,640,427,https://pixabay.com/get/gf93d383d90fce378bd64ccd1ff54130176f090449ec1c659745e9e9ef7f0b5ee9685a7859cfc6ae0ce0395f80ab88b47e57fc9261fc6aa556ff9f39cfa832a10_1280.jpg,6000,4000,7299724,7074,3943,53,100,10,13068062,hunt-er,https://cdn.pixabay.com/user/2022/03/27/17-18-50-259_250x250.jpg,Not Animals,Not Popular,1.7940654324118692
6909689,https://pixabay.com/photos/animal-mammal-wild-boar-pig-6909689/,photo,"animal, mammal, nature",https://cdn.pixabay.com/photo/2022/01/02/08/47/animal-6909689_150.jpg,150,107,https://pixabay.com/get/g3446a65ae3f58a9108a736188fa749d1e5bb5e8211333a24c9cd6c0e05bb3debe3d94ba9769ab1a633157eb87fb341aca40d8cb2c3914eff3fc4b9d97988b51f_640.jpg,640,457,https://pixabay.com/get/ga3833bc444a913968d8d3c9cb9b175e5ccf0eee93358520f209752b5f0ca4c5e4f8729c17b72c6b303cdc6d1ddcfb0c27c952cc503d07f9d366532dd88a84a91_1280.jpg,4471,3193,5116171,20965,12799,44,85,16,6735189,Paul_Henri,https://cdn.pixabay.com/user/2019/05/22/18-55-38-477_250x250.jpeg,Animals,Not Popular,1.6380185952027502
209144,https://pixabay.com/photos/flowers-wild-flowers-bloom-209144/,photo,"flowers, wild flowers, bloom",https://cdn.pixabay.com/photo/2013/11/12/01/04/flowers-209144_150.jpg,150,138,https://pixabay.com/get/gaba5568e87ddd294a3f50e2a79588b29d42cfa7d5cc4acbe0e5b53308e625c83695e49330f8ce3a42f741092fce30782_640.jpg,640,593,https://pixabay.com/get/gd1a5ad75c3f47afcaae00182e725298c275842c76a3ebc24fc1d74d812ae5fb673a15453948c20757eb5bb7eb461d91f2b2402006b871f0f9432e1a124bc6c22_1280.jpg,3000,2782,1715960,78518,34641,223,143,26,76800,Christian_Birkholz,https://cdn.pixabay.com/user/2013/11/12/17-17-24-789_250x250.jpg,Not Animals,Popular,2.2666204786235964
5490782,https://pixabay.com/photos/flower-meadow-flower-poppy-5490782/,photo,"flower meadow, flower, beautiful flowers",https://cdn.pixabay.com/photo/2020/08/15/15/09/flower-meadow-5490782_150.jpg,150,100,https://pixabay.com/get/g8ace8477d1d62e4ff24d80e4a1af1cc4138dfe9fddd086152d8aeefc6ac9101026a2f19a6e000c4847661d50e1109e57595846cf4aba8d67887531a5dc9ba550_640.jpg,640,427,https://pixabay.com/get/g226a146af80e6236541c923854110c584102cc9e68f015057905b01bf2ab9e9d5c51528d175f3a07031a00b961b687a4025e0d7c4b6a6ed5965d029526f787ad_1280.jpg,8256,5504,8097704,10850,6776,74,101,19,10235783,susnpics,https://cdn.pixabay.com/user/2019/10/25/17-59-47-852_250x250.jpeg,Not Animals,Not Popular,1.6012396694214877
4917802,https://pixabay.com/photos/animal-zebra-wild-wild-life-africa-4917802/,photo,"animal, zebra, wild",https://cdn.pixabay.com/photo/2020/03/10/04/48/animal-4917802_150.jpg,150,100,https://pixabay.com/get/gd4129ceb18f910e9efdf665fba80606b0e2bde121d7d831f5e2a22f04b5de823ffdc625a2d76825b317b901e78aa771d6bbc5762c30a17bd6e2b310e59ecec14_640.jpg,640,427,https://pixabay.com/get/gc5acc261d9a4b2384c03bea5eca2529d4d3c10c6310f22dff79678afbc614ee472cb4f89c9f192b0da3c2a0ca8343f29ce223a97e65cff6e8554b0476aeffa5f_1280.jpg,4600,3067,2863386,46999,26545,149,161,23,13834806,Alpcem,https://cdn.pixabay.com/user/2019/10/04/07-24-09-773_250x250.jpg,Animals,Popular,1.7705405914484837
1336229,https://pixabay.com/photos/wolf-canine-forest-predator-wild-1336229/,photo,"wolf, canine, forest",https://cdn.pixabay.com/photo/2016/04/18/10/17/wolf-1336229_150.jpg,150,99,https://pixabay.com/get/gab693cb9f107f5689791798d113f59c5d14ccd211725841c1eb87bf5e19c67a7029d6893528238622467684709b6672181f79d5c09e97cfadb271ec61918ae8e_640.jpg,640,423,https://pixabay.com/get/g462bb01cb167f06bdf9c64c124a72ddb9e0268b0deeb2d95125e0ffa1ee562494e372bafa3ac38f1974d84ff1d45d7843a6e6991a5dac90205ae0e8dc8195eff_1280.jpg,4928,3264,3599621,210915,126385,845,738,78,932734,Wildfaces,https://cdn.pixabay.com/user/2020/03/18/14-04-15-574_250x250.jpg,Animals,Popular,1.6688293705740396
8310206,https://pixabay.com/photos/giraffe-mammal-animal-wildlife-8310206/,photo,"giraffe, mammal, animal",https://cdn.pixabay.com/photo/2023/10/12/08/32/giraffe-8310206_150.jpg,150,100,https://pixabay.com/get/gee6bd9ce95df159e874b15b1f222cf9ce43e5c84b26d4724bdeb874c1d18b6137021d7c677666f7cf36b9e267638e430c3f6dfe896db9051ee151a03a5506a4f_640.jpg,640,427,https://pixabay.com/get/gfc8d96e8f525c0471e72d5b848fb701738dc3040948820a34ade4b8ab113767a16116fa25e5e1e628c02719784fba1139c8143a6dac56a19ecb20ece70670cea_1280.jpg,6705,4470,8109170,3219,1938,24,58,10,3549802,antonytrivet,https://cdn.pixabay.com/user/2020/05/24/10-26-05-209_250x250.jpg,Animals,Not Popular,1.6609907120743035
7288141,https://pixabay.com/photos/grass-meadow-field-summer-7288141/,photo,"grass, meadow, field",https://cdn.pixabay.com/photo/2022/06/27/18/56/grass-7288141_150.jpg,150,100,https://pixabay.com/get/g05f4af1ffa5ec66c138e4e05062fdfabaee91fd668988ffcf050ed469aa882308fc4a6a9e1a384660e576283230375e88b452a4a8b39d672b34896f7aff30041_640.jpg,640,427,https://pixabay.com/get/g848e99e57444ada253661495371d8a0002d1087c3280502ccbb9dc68013a44956f20a4e5792a63a50dc48b664c38974ee0558abbc28962b0ab906c0badce7c69_1280.jpg,5184,3456,2670376,11500,6085,66,141,20,12119308,DominikRh,https://cdn.pixabay.com/user/2022/03/18/07-52-17-671_250x250.jpg,Not Animals,Not Popular,1.8898931799506984
694460,https://pixabay.com/photos/leopard-big-cat-feline-wild-694460/,photo,"leopard, big cat, feline",https://cdn.pixabay.com/photo/2015/03/27/08/26/leopard-694460_150.jpg,150,100,https://pixabay.com/get/gbd7c1778d29a07bf7b8bdd8a0dea946f91b0b6acf450bc860bb5880958e22115ac48f14052153da76b4a253bd350ef58_640.jpg,640,428,https://pixabay.com/get/gd66719f731833e3d1dfba93e6a0040106de813c6fc5aadf3ae16053446bd90d50815c4ab04200100eda750d2d18567344e66cf1bc7c7baa40a9a7a01d253fdd6_1280.jpg,3872,2592,3053262,39707,19278,102,100,13,343207,hbieser,https://cdn.pixabay.com/user/2015/02/24/15-52-19-25_250x250.jpg,Animals,Not Popular,2.0597053636269322
2904536,https://pixabay.com/photos/horses-pair-wild-horses-animals-2904536/,photo,"horses, pair, wild horses",https://cdn.pixabay.com/photo/2017/10/31/07/49/horses-2904536_150.jpg,150,112,https://pixabay.com/get/gf4b7c3162777a5640e74b7c2c966f1ab23c0d4d80b6dc6bebdb6b92b67da09b05e78506439162d8ab76747f701de67e42455659752c06fbfc1b884ab50846a78_640.jpg,640,480,https://pixabay.com/get/g7d4baeb5dfccde653a66f595e2f4bbd6d4cabf249dfc40e0150235d36cfb6ef70fd938ffcdd38fa37b68d92b4d51a867e82d36da698d3f3894d90597cc5c562e_1280.jpg,4000,3000,2640822,884533,540073,1443,1595,241,1777190,susannp4,https://cdn.pixabay.com/user/2015/12/16/17-56-55-832_250x250.jpg,Not Animals,Popular,1.6378026674171824
643340,https://pixabay.com/photos/deer-antlers-wild-nature-forest-643340/,photo,"deer, antlers, wild",https://cdn.pixabay.com/photo/2015/02/20/16/59/deer-643340_150.jpg,150,96,https://pixabay.com/get/gcb7646df454baf7f6a75a2451fb304ca5597b3757fcc4f8e363cf1c63934ca0dc0f2bd5cdfbab3d2d521a7f11c3c2a38_640.jpg,640,413,https://pixabay.com/get/g97537d8c3f292919421317c86bec29173b8e79423a53b5cf774b04830b177a9981eca8659aa4bfe891c36d77c7e32c82c632f0330e41a7fac344277feb961843_1280.jpg,4476,2889,3280966,341561,192629,1347,1127,135,526143,Pezibear,https://cdn.pixabay.com/user/2019/03/28/14-46-04-252_250x250.jpg,Animals,Popular,1.773154613272145
1118467,https://pixabay.com/photos/lion-animal-head-face-mane-mammal-1118467/,photo,"lion, animal, head",https://cdn.pixabay.com/photo/2016/01/02/16/53/lion-1118467_150.jpg,150,99,https://pixabay.com/get/g2b81f979529f974552d59e5d7f3f9565076bcdda9d18f3efda82442b6e9b9b2664ec86a5e85ff130a643c45ab42342ab96e2cab51ebb46cd527be0c4528ddee2_640.jpg,640,426,https://pixabay.com/get/gfafe0ebf6e16f3e618714a5af9dc0ccfd1fd8a63d40c05f48dfe81d0d865d24d05058a4740e51985b9941799c04ad238558f06891594ba1fb825340bb35a4be7_1280.jpg,4252,2835,3396326,532849,329695,1344,1275,166,1798295,WenPhotos,https://cdn.pixabay.com/user/2016/01/12/16-44-55-409_250x250.jpg,Animals,Popular,1.6161876886213016
224857,https://pixabay.com/photos/lizard-reptile-animal-wild-224857/,photo,"lizard, reptile, animal",https://cdn.pixabay.com/photo/2013/12/07/20/59/lizard-224857_150.jpg,150,99,https://pixabay.com/get/g783a665ffcdc29a0ba8722c00011689a4b87db870bbfc00700a02fd16c0c29109c0e6bc885e707e4d1ccd30fd235bce3_640.jpg,640,426,https://pixabay.com/get/ge953e754b36bd39fc9b42c4588e20589a86e04c0f6efe53609f741ca96139851db819e848df05bf8d9387f8b0c322bbbbddf0bbc1c4e421119985ba7b1620a12_1280.jpg,5562,3708,4128137,21751,11326,159,77,26,20679,Bergadder,https://cdn.pixabay.com/user/2019/03/14/21-00-24-919_250x250.jpg,Animals,Not Popular,1.9204485255165107
6788446,https://pixabay.com/photos/wildebeest-horns-animal-mammal-6788446/,photo,"wildebeest, horns, animal",https://cdn.pixabay.com/photo/2021/11/12/09/14/wildebeest-6788446_150.jpg,150,100,https://pixabay.com/get/gc04a473cfb476760cefab43c170658d0c587e382310ca81e61b6cec6adaf895156c191e02aa78b282487275bdf415eff241b4ad2ab3342e790ecf1de41037f74_640.jpg,640,427,https://pixabay.com/get/g8effa339ab42b2b002f53b2a2df151e64d027254b43d3fb4232efe04fd1c4400d7ccb8f289bccd021d057c84f294c9b51351c33046172397bac0e3e544d5ae88_1280.jpg,5077,3385,3361546,3356,1391,13,37,9,4625330,josibo,https://cdn.pixabay.com/user/2021/11/11/08-49-51-339_250x250.jpg,Animals,Not Popular,2.4126527677929546
493784,https://pixabay.com/photos/rose-hips-fruits-red-wild-rose-493784/,photo,"rose hips, fruits, red",https://cdn.pixabay.com/photo/2014/10/18/22/15/rose-hips-493784_150.jpg,150,99,https://pixabay.com/get/geed94f17ae7b4402bf4e999fe005e0cf1aa4d067e93864c3552e5255dc6c42a556dc399461ad226a3ba49dacf53a23ef_640.jpg,640,426,https://pixabay.com/get/g54a346c86ef5ee4c88978eb976d03228a437bf52990d9dc14b3efe0489ab3f3e186a3971cac2df6d15e2d01643efc714c191b8907c143209bb05edf24db47e6d_1280.jpg,4752,3168,4893629,47379,28950,106,98,20,12364,stux,https://cdn.pixabay.com/user/2023/07/02/13-55-27-199_250x250.jpeg,Not Animals,Popular,1.636580310880829
3597558,https://pixabay.com/photos/tansy-wild-flowers-yellow-flowers-3597558/,photo,"tansy, wild flowers, yellow flowers",https://cdn.pixabay.com/photo/2018/08/10/20/45/tansy-3597558_150.jpg,150,99,https://pixabay.com/get/g45a3678814e07a12ccd32fa93de8cf21309ef3ed68eb0f4a3e07140d21a2aabf91e776faff1c677e322ad7fd1f16a4a4192dac24441659aa16c2ba74a521ca38_640.jpg,640,426,https://pixabay.com/get/g6c784e5f9417f058d103f3f1ba3d20525a42eb02bad8bb5ea9e9c1fdb96ee8e2c93bb80fca8eb6c056211820f69baf97af514ec5ad7c2ee29a0b7c8afdd4df0f_1280.jpg,6000,4000,3552212,5411,2248,21,51,37,4023294,Schwoaze,https://cdn.pixabay.com/user/2020/02/13/18-29-56-765_250x250.jpg,Not Animals,Not Popular,2.4070284697508897
715588,https://pixabay.com/photos/fox-nature-animals-roux-fauna-715588/,photo,"fox, nature, animals",https://cdn.pixabay.com/photo/2015/04/10/01/41/fox-715588_150.jpg,150,100,https://pixabay.com/get/gb87b7062dee1070b9f9336d78ef73998b84094850645161153e2c2bc14c4a996561dd7b1abe182cde04d173ad9239441_640.jpg,640,429,https://pixabay.com/get/gcd07673e299b12424b04aee02d5f55bec0a411960eae47d183336b0ff13cdd88042c33f5235d0264c457b0619cc31194002f3e2066c9c86ff5445ff332d5e603_1280.jpg,3595,2414,2226561,457013,257003,1645,1521,209,631535,AlainAudet,https://cdn.pixabay.com/user/2015/01/25/18-48-01-558_250x250.jpg,Animals,Popular,1.778239942724404
635063,https://pixabay.com/photos/wolf-predator-hunter-canis-lupus-635063/,photo,"wolf, predator, hunter",https://cdn.pixabay.com/photo/2015/02/13/11/57/wolf-635063_150.jpg,150,99,https://pixabay.com/get/g4a3045ae0e679846a6de1bb92b46c2ee9e693dd4c933078813ce5441822ed1363b24032c6584c0286d9e992ca373c448_640.jpg,640,426,https://pixabay.com/get/g3186ab5ccd7724dce459ee341cc2dc7849df2e58ecca58fd99b48f55a00a809c2a228f0f3f57c94fffeb9f945bc2bd74f96274ebc17efbc82d369cd46a749f7e_1280.jpg,4320,2880,4461309,212350,93745,656,543,56,747390,raincarnation40,https://cdn.pixabay.com/user/2015/02/03/16-46-08-486_250x250.jpg,Animals,Popular,2.2651874766654223
448731,https://pixabay.com/photos/gorilla-silverback-ape-monkey-448731/,photo,"gorilla, silverback, ape",https://cdn.pixabay.com/photo/2014/09/16/20/52/gorilla-448731_150.jpg,150,120,https://pixabay.com/get/ga6dd8cdf6a79b4aab0d333423aff6108087202f517b7b8599449ebc8eaaf24424fd16b352bc60e40110d76c8ae2d92f8_640.jpg,640,515,https://pixabay.com/get/g8683eac88d005a871fea8a793602c604a70b2365b2fc8952ab26a7e558bbaa875d5236434ba7bb283ebda33b9fdc943a1ad4e14f835e1937bd23204a460fe8ee_1280.jpg,2637,2126,1149159,271503,107334,482,543,95,443272,Sponchia,https://cdn.pixabay.com/user/2021/12/22/19-06-17-378_250x250.jpg,Not Animals,Popular,2.529515344625189
276014,https://pixabay.com/photos/flowers-meadow-sunlight-summer-276014/,photo,"flowers, meadow, sunlight",https://cdn.pixabay.com/photo/2014/02/27/16/10/flowers-276014_150.jpg,150,95,https://pixabay.com/get/g77bb03202689167010c8618d21e0a0f74b44690a4a81e1f2fea1745e742c8a35be6d39141334fa084b49b5e266e8c6c9_640.jpg,640,407,https://pixabay.com/get/ge243f1a4172c0c16d513af7eac426215ea5f45cb1ce2ed9aecadabc89042e3cf44412f96adf8737c6ccf7805aba3f63e4ba4ca903df1377b681b1091b968043f_1280.jpg,4090,2602,2134495,4451240,2135666,5992,7156,2031,1107275,Larisa-K,https://cdn.pixabay.com/user/2015/06/13/06-38-56-116_250x250.jpg,Not Animals,Popular,2.0842397640829606
614141,https://pixabay.com/photos/giraffe-animal-facial-expression-614141/,photo,"giraffe, animal, facial expression",https://cdn.pixabay.com/photo/2015/01/27/19/34/giraffe-614141_150.jpg,150,72,https://pixabay.com/get/g89be813f9bcdf12e5a7c5c2bd1d57fd4af68769a20fd947e3fbb384b8259f6619f25d0d542392aa4458ab86b37306e02_640.jpg,640,308,https://pixabay.com/get/g0205e74b8cd22bf01de14d9167e2753b9944040cf039c966076c76a971248c8162b08340e261f7787474f07dc0592e7bb976b93dfd81110ce73db138334bde7a_1280.jpg,5567,2684,1517240,136723,79125,617,475,56,443272,Sponchia,https://cdn.pixabay.com/user/2021/12/22/19-06-17-378_250x250.jpg,Animals,Popular,1.7279368088467615
927272,https://pixabay.com/photos/zebras-heads-stripes-striped-927272/,photo,"zebras, heads, nature",https://cdn.pixabay.com/photo/2015/09/06/11/40/zebras-927272_150.jpg,150,84,https://pixabay.com/get/gf179d1cedc0794ddb99d21c15c638b2275fe95da250054b100af80bae365cc0e2caf7c8881307813188573455c45406b_640.jpg,640,360,https://pixabay.com/get/gc8321159d93c24d3470e3733061a33dd1119fd790b9f7d0dc20b3ffd93d4883a231a1a58caf37dba3e740441fc6cb316c9da6154c1662ffdabefce35ba1480e1_1280.jpg,3880,2183,2349802,99936,53949,536,368,44,343207,hbieser,https://cdn.pixabay.com/user/2015/02/24/15-52-19-25_250x250.jpg,Not Animals,Popular,1.8524161708280042
2597803,https://pixabay.com/photos/fox-animal-wilderness-nature-2597803/,photo,"fox, animal, wilderness",https://cdn.pixabay.com/photo/2017/08/07/00/07/fox-2597803_150.jpg,150,99,https://pixabay.com/get/gd47951498ee4c56e865dee8ebaf23ae8d5c848271a466682d4f09ecc50a717f37f8f64c0028a57b3e8a608678d197e99c1303850bbb81542b8966706eb99ef0f_640.jpg,640,425,https://pixabay.com/get/gad9f936a0725511620135a54c99570ccb9fca1991a36def46e20eea3e5c7779fa116461ea5ebdd152942e9f6f7dfeb54ac25e95785def917757d71b6900b7ce7_1280.jpg,4928,3280,1317635,71824,42153,455,341,17,894430,StockSnap,https://cdn.pixabay.com/user/2015/03/30/12-22-31-508_250x250.jpg,Animals,Popular,1.7038882167342775
7566201,https://pixabay.com/photos/autumn-landscape-nature-forest-7566201/,photo,"autumn, landscape, nature",https://cdn.pixabay.com/photo/2022/11/02/22/33/autumn-7566201_150.jpg,150,100,https://pixabay.com/get/ge248bc115ca9e9d3096616de5b678fec6b85552b76b1aa9c0bbc4f37292950280b7899cb78ea65e4fd94cda125c5da3491aac452cf82cbdddfce747ccea57586_640.jpg,640,427,https://pixabay.com/get/g5c31b8e6ed1a8fdadc585f0bb12e7b512a91d3dc503167d4eeca940853409bdc11e35d2f2bc458413d87be75473ee72df67bea41cd91cab92ab7c6c124676cbb_1280.jpg,6720,4480,4421117,6994,4161,42,66,10,1399779,KimJaesub,https://cdn.pixabay.com/user/2017/03/29/09-56-58-656_250x250.jpg,Not Animals,Not Popular,1.68084595049267
985292,https://pixabay.com/photos/fox-wild-animal-nature-mammal-985292/,photo,"fox, wild, animal",https://cdn.pixabay.com/photo/2015/10/12/22/43/fox-985292_150.jpg,150,99,https://pixabay.com/get/g1f24273b66e14cc4b7f6831fc827b2cc5755636b6cb0bb92d5ecf05dc5189d266da24086ecc7cf690ba365c80f642aa9_640.jpg,640,423,https://pixabay.com/get/g26dd3124e966d79aeeb361508b900bf32cb19cf39d3ff3aa3b79e2309d794a17bc95a681913869909bdefc767f43824553cec63d4e83586a134367ad9df76164_1280.jpg,4000,2645,3030633,69168,34969,466,314,21,1499084,monicore,https://cdn.pixabay.com/user/2019/12/14/18-53-29-501_250x250.png,Animals,Popular,1.9779804970116388
3372720,https://pixabay.com/photos/lion-animal-mammal-predator-mane-3372720/,photo,"lion, animal, mammal",https://cdn.pixabay.com/photo/2018/05/03/22/34/lion-3372720_150.jpg,150,97,https://pixabay.com/get/g8bd52bc0038141d60480e2ac7bd599aa2c6cd51a3f19c9e04d359baf4c46e9817f14bef94db79cf3a98369d7fc84c3b4d213b8a234e224adf120399e60957586_640.jpg,640,416,https://pixabay.com/get/gaf692c821f189cb0ed8b81412b1109d0040eb9240784e72d930eef069179a0aa86b17661b13d020ec945ab93b5c8840af54565bce7d26b8ead63366ddffbe5b6_1280.jpg,3303,2150,2401171,235259,140101,789,752,103,686414,Alexas_Fotos,https://cdn.pixabay.com/user/2024/04/18/09-33-47-584_250x250.png,Animals,Popular,1.6792099985010813
1330814,https://pixabay.com/photos/giraffes-animals-mammals-1330814/,photo,"giraffes, animals, mammals",https://cdn.pixabay.com/photo/2016/04/15/11/39/giraffes-1330814_150.jpg,150,99,https://pixabay.com/get/g0ba9906b0147c45fe26362bb6a61ae13951f75edcc3ea16e3cc569ffbc6ee5800934228afe2b68559006190e95e25911513dfc1d00540f96f48b8ccce7771df4_640.jpg,640,426,https://pixabay.com/get/ge41036c027b5a285bf957b48502a2755b782852d80e3db5c295a58c546f125e8f1dc0064218cd900adc9fce9eaf5a62ad42db93a9b92cf78b567ef6b2f26dc1a_1280.jpg,2816,1880,1169945,49482,28780,132,158,11,2324646,ramalholore,https://cdn.pixabay.com/user/2016/04/15/11-49-34-33_250x250.jpg,Animals,Popular,1.7193189715079917
6781976,https://pixabay.com/photos/deer-antler-animal-reindeer-forest-6781976/,photo,"deer, antler, animal",https://cdn.pixabay.com/photo/2021/11/09/17/17/deer-6781976_150.jpg,150,100,https://pixabay.com/get/geb1668e1032a496199f705a72ea0b554f5bf6960531b6517b5fac8cf72971447554273b60b3cc9ca01487ab6cf303b95357e6f4e83cc1365ccbe68758360a944_640.jpg,640,427,https://pixabay.com/get/gc53f7c42b92c0914dfaf6d91ee1f0d3da9ffeb2bbfcafb660b2066e6c5bfa2321c9e34d39c9f11b1d3860052c41f572d86a8941c8b85d9a1937580db1066a4af_1280.jpg,3504,2336,2420614,16410,9103,63,97,18,2465371,LTapsaH,https://cdn.pixabay.com/user/2016/05/11/21-14-21-706_250x250.jpg,Animals,Not Popular,1.8027024058002856
8156308,https://pixabay.com/photos/bird-bald-eagle-eagle-feathers-8156308/,photo,"bird, bald eagle, nature",https://cdn.pixabay.com/photo/2023/07/29/06/28/bird-8156308_150.jpg,150,106,https://pixabay.com/get/g0033151f30806b9af4e8760726d3b0010de751368b614cc2793af49c81d0b1b96d95f15a724c64b9a967211d8eaa4bad83800021208be7680a2d5f2e657a677c_640.jpg,640,454,https://pixabay.com/get/g936064ee7b1b370e39a7d2ff68d832225cce5bbb5e7234e72db0b6ccf166477e639c46ea173fe7195b9fea2fdb9c37474d6441cb2b5a39510004832a7468e6f5_1280.jpg,4839,3430,1625748,6709,4189,31,108,29,15180857,2502petraprivat,https://cdn.pixabay.com/user/2020/02/08/18-41-54-473_250x250.jpg,Animals,Not Popular,1.6015755550250657
60592,https://pixabay.com/photos/bison-buffalo-beef-wild-wilderness-60592/,photo,"bison, buffalo, beef",https://cdn.pixabay.com/photo/2012/10/10/10/41/bison-60592_150.jpg,150,97,https://pixabay.com/get/g614777d8b2440300680a8d47da65475064b093b56d9139343fd1a015dc5451ffd327b8c4559d75f7e8f408c3ce37e0a0_640.jpg,640,417,https://pixabay.com/get/g51c998de6ee8c8b3dda174555ba881a1f410ba27c0eb6ffd5bddc4025140d95dcb13290808c91cb2415260faf1742a34_1280.jpg,2700,1761,1341572,68630,38012,351,271,44,1897,WikiImages,https://cdn.pixabay.com/user/2012/06/03/15-50-21-3_250x250.jpg,Not Animals,Popular,1.8054824792170894
60153,https://pixabay.com/photos/horse-animal-grazing-wild-horse-60153/,photo,"horse, animal, grazing",https://cdn.pixabay.com/photo/2012/10/06/22/18/horse-60153_150.jpg,150,94,https://pixabay.com/get/g4ae383372797c6ef5f4840e3653a7608becfb23fbbf64a68f79a111e7969be0ca6c1ff06f68cea1867c06427c791a854_640.jpg,640,404,https://pixabay.com/get/g24690840316fb873dd600ff950721c0a99ed6611acf9d808bbe1ce746125f88d3b8ebf48e81e77e87ffd18498d9addcb_1280.jpg,2163,1368,822066,240165,92212,609,622,118,3416,JamesDeMers,https://cdn.pixabay.com/user/2016/09/24/15-21-58-529_250x250.jpg,Animals,Popular,2.604487485359823
2903312,https://pixabay.com/photos/puma-feline-predator-wild-wildlife-2903312/,photo,"puma, feline, nature",https://cdn.pixabay.com/photo/2017/10/30/19/41/puma-2903312_150.jpg,150,119,https://pixabay.com/get/g83bbc75a359789173f49db049f465ca531dd43d9c33bfba6e5e033b940887cc39a20d1fda833aa0ef2697f2111211110496d0eecaa3cfc6fa208128ee2f72c82_640.jpg,640,508,https://pixabay.com/get/g6c7177c250256bf34fd7fdd8cefa2551a451173ab2e210059d545f7b5aeaf5bd4b52ecf12db0ea0bc89fcaea7f19e58a3aa30bb6b60475a065f30ce6ccc5aa73_1280.jpg,2454,1948,970263,69326,34656,486,448,55,2026973,IanZA,https://cdn.pixabay.com/user/2017/09/27/13-12-29-269_250x250.jpg,Not Animals,Popular,2.0004039704524468
359143,https://pixabay.com/photos/bird-falcon-eye-beak-face-359143/,photo,"bird, falcon, eye",https://cdn.pixabay.com/photo/2014/05/31/20/08/bird-359143_150.jpg,150,84,https://pixabay.com/get/g929d2026c3b0bbd65bfba3a3cd064d0c0f4c1a25ce8241aa28339321ac54ca5ee1e15be6f091f471d2b2c0db5d08edda_640.jpg,640,359,https://pixabay.com/get/gbd0c1bf55d86bd0ac2cdef9d10e89caf82d9e2bccb49d14d256556c2fa0f87d50cf42a5a11e25dbd09fc0daf111a6f74c5b8da1f8078a2f35bffca76bba3a45f_1280.jpg,4978,2800,3518200,30297,15563,213,164,22,24771,Kincse_j,https://cdn.pixabay.com/user/2013/03/04/12-15-07-576_250x250.jpg,Animals,Popular,1.9467326350960612
6976003,https://pixabay.com/photos/elephant-pachyderm-6976003/,photo,"elephant, pachyderm, kruger national park",https://cdn.pixabay.com/photo/2022/01/28/23/01/elephant-6976003_150.jpg,150,99,https://pixabay.com/get/g1b67fa1927d3d25e455c27c84d649e4f0829f4f291167d42085c819139f833f11196aea5c1f0f72c120bcbcb966294e660e61425a3aa409720b10497f2dd81df_640.jpg,640,424,https://pixabay.com/get/gd206171f8ce6aed7fdcab5ef8c993e5afe3424db9cace7112037ea71f763e7c0f2c1251c6839e3a1f122e36b3b7d81e229dd2270af4e1ed28f2e3efb9dd2108e_1280.jpg,4928,3264,5009453,4270,2581,20,49,6,7115679,Stewardesign,https://cdn.pixabay.com/user/2021/10/28/11-37-19-27_250x250.jpg,Not Animals,Not Popular,1.654397520340953
2984865,https://pixabay.com/photos/wolf-two-animals-wild-predator-2984865/,photo,"wolf, two, animals",https://cdn.pixabay.com/photo/2017/11/28/22/39/wolf-2984865_150.jpg,150,89,https://pixabay.com/get/gf670769a8d9233b4bda2a69ccd16dd8088ac41f151f4d347ef25d74f7ab43aaac4125585c84915887aa329d680fcf852e8320e8a221b8e88a941316c4e3e00ce_640.jpg,640,381,https://pixabay.com/get/g77001edb425d3aec710a5c6be412374ada138050cc9cc899d9a6a9b553d4f699542e122c95167e69bb72ddacfce17cbeca5654fd40fe7a3ad0f2d037fa386464_1280.jpg,6022,3586,6505607,66509,38108,391,363,45,3741991,christels,https://cdn.pixabay.com/user/2017/12/24/15-49-08-921_250x250.jpg,Animals,Popular,1.7452765823449146
76207,https://pixabay.com/photos/sunset-grass-silhouette-76207/,photo,"sunset, grass, silhouette",https://cdn.pixabay.com/photo/2013/01/26/07/10/sunset-76207_150.jpg,150,112,https://pixabay.com/get/g186d78c91c485f04e1af6d0e4cfb7c6b3867e7710377cce1e37b2847a0b7c0bf8a4922eba000b592a8a971646a4c6167_640.jpg,640,480,https://pixabay.com/get/g391778eda3e2175faa212d509dde80169342ea46bac7e9226a30e629f3fb5abd1b8cfd8509af9a62390ce08c59daab42_1280.jpg,2592,1944,1207865,29237,11067,182,140,15,9301,geralt,https://cdn.pixabay.com/user/2022/08/25/06-52-36-900_250x250.jpg,Not Animals,Not Popular,2.6418180175295927
7560708,https://pixabay.com/photos/lioness-lion-wild-animal-nature-7560708/,photo,"lioness, lion, wild animal",https://cdn.pixabay.com/photo/2022/10/31/20/27/lioness-7560708_150.jpg,150,100,https://pixabay.com/get/g84c43f79c496e8555fd6bcef0e5517829211088563a9dc543311428d132266411b9a18149fbfd94a2050925bd3858a647946d718ea0b37648df67739eee29b14_640.jpg,640,427,https://pixabay.com/get/g75f4c11d5c05e75848d98915ba2420502019ae81b93127c5a49ee29ec378378621cf9959e3be2a827853cdd644b484a51f24ba695aaf2a998c039ae99ed9278f_1280.jpg,3855,2570,2136153,6601,3182,50,104,14,28002179,Nealsmithphotos,https://cdn.pixabay.com/user/2022/06/12/08-21-08-588_250x250.jpg,Animals,Not Popular,2.0744814582023885
5042242,https://pixabay.com/photos/fox-nature-animals-roux-fauna-5042242/,photo,"fox, nature, animals",https://cdn.pixabay.com/photo/2020/04/14/11/21/fox-5042242_150.jpg,150,100,https://pixabay.com/get/g9a3119641cbec78491aeb54366727b759b0bc5db12cc8c605bc64b62e2f3c372b81730d4a09da98e2321635d34aa869189e3eda79cfcd85f55d47014eb56de44_640.jpg,640,427,https://pixabay.com/get/g028bafd78905b5b6475283ee8cc3d5f7a0ffaababfab10df8702ae5d878f203e6c3200996de952aa7f72eca95e12177df0516d09e935eec3f8fa80f206d1d770_1280.jpg,4272,2848,2338250,21951,12623,205,187,27,12345218,Andrey_and_Olesya,https://cdn.pixabay.com/user/2021/09/22/09-46-18-71_250x250.jpg,Animals,Popular,1.738968549473184
947819,https://pixabay.com/photos/eagle-bird-head-beak-bill-947819/,photo,"eagle, bird, head",https://cdn.pixabay.com/photo/2015/09/19/23/08/eagle-947819_150.jpg,150,99,https://pixabay.com/get/g03edd0dc3a3255985dfcb5e7df6afb2dcd6a9eda91cfd48d509c4beda2795260ecb2927ab26d32fe840142d12ac9edbe_640.jpg,640,426,https://pixabay.com/get/g06d771be0ae7c3a2826ac97626bb1fdd74ec90f9ebf285c876ef5d4484089cf487389f80bec26b5ecb916e0882b706585c2476b074beae4eaf119a826beecd11_1280.jpg,5472,3648,4984557,39343,20809,151,122,13,38399,Alois_Wonaschuetz,https://cdn.pixabay.com/user/2015/05/31/23-31-06-487_250x250.jpg,Animals,Not Popular,1.890672305252535
6839877,https://pixabay.com/photos/monkey-animal-stump-tailed-macaque-6839877/,photo,"monkey, animal, stump-tailed macaque",https://cdn.pixabay.com/photo/2021/12/02/07/48/monkey-6839877_150.jpg,150,100,https://pixabay.com/get/ge2439b8b23a7872797c7e9d60a43d833806b2c1e88a49626c8b62ddeb1e3755e0cd02ed74477a363bcfeec0905d4d55fd0da0724b5733d264365b0b8887b6321_640.jpg,640,427,https://pixabay.com/get/gb737c961dc9929e79de328f6134017ddf651278ee662dc8c0d8b64ccae7b61495c55a5a5a36c0ca911a3710f7ee3dcac04cf3ce65d5e162ef7d7ae186b033edc_1280.jpg,4862,3241,4150408,6045,2665,19,70,10,15012370,Erik_Karits,https://cdn.pixabay.com/user/2023/07/10/21-13-28-133_250x250.jpg,Animals,Not Popular,2.268292682926829
458990,https://pixabay.com/photos/elephants-family-trunks-tusks-458990/,photo,"elephants, family, trunks",https://cdn.pixabay.com/photo/2014/09/24/10/30/elephants-458990_150.jpg,150,99,https://pixabay.com/get/gf52ca6c4d3347f9d37d2d1a85cfeae44efd1def7f04f62fb727f01e35660ab5f3aaf0612993eab0c05eef18fc14feb6f_640.jpg,640,426,https://pixabay.com/get/gb99370447eb4be49596ffd4caa25dc3a73422eb11d33303c0e05fca7ab8964ea213b3b7ecb8b1d6e43579fd347613393cbe359e0c4e75c49a8117ab96251bb8d_1280.jpg,4752,3168,6456436,41326,24614,111,122,15,461975,Poswiecie,https://cdn.pixabay.com/user/2014/10/14/14-32-58-601_250x250.jpg,Not Animals,Popular,1.678963191679532
484097,https://pixabay.com/photos/tiger-animal-cat-wild-cat-big-cat-484097/,photo,"tiger, animal, cat",https://cdn.pixabay.com/photo/2014/10/11/00/21/tiger-484097_150.jpg,150,99,https://pixabay.com/get/g2ffcac2bcea4d590bb12c81a7ead73e566f606d65376e2a24790680c33bea37796117e6e1990567f43eacb8e23a12864_640.jpg,640,426,https://pixabay.com/get/g39b5cea4807ad9d830796d73c3956f78b545dde56671ef4e94145bd0bc368af2680b4819a45d78fbf8b24d4847407b9468e1f06c314f66e82be1f3301bae4aa6_1280.jpg,3998,2665,4248325,57340,32821,116,99,19,461975,Poswiecie,https://cdn.pixabay.com/user/2014/10/14/14-32-58-601_250x250.jpg,Animals,Popular,1.747052192194022
2500919,https://pixabay.com/photos/monkey-animal-wildlife-mammal-2500919/,photo,"monkey, animal, wildlife",https://cdn.pixabay.com/photo/2017/07/13/16/07/monkey-2500919_150.jpg,150,99,https://pixabay.com/get/g6e956db7bfc132b537772ee8bd537dc6adc9f7a35abcfece71865b2851929d142cff33c1770aac8f49f5de140a0a1648f763235fb595df91f83a0e2f5ba178c9_640.jpg,640,426,https://pixabay.com/get/gb71bd4709830bf2756c9d8f39a960a4e2c73295a34522a9f92ea91d3b10fe12e6f10145764faf9911822a2ecbfff724e4047c8fbde13110e7a07e6b8da37a186_1280.jpg,3000,2000,1990737,21034,12140,87,124,20,5414736,romanticfatman,https://cdn.pixabay.com/user/2017/06/28/06-41-54-802_250x250.jpg,Animals,Not Popular,1.7326194398682042
577104,https://pixabay.com/photos/lions-couple-safari-pair-577104/,photo,"lions, couple, safari",https://cdn.pixabay.com/photo/2014/12/22/10/04/lions-577104_150.jpg,150,100,https://pixabay.com/get/g63d6a9df30f47439174b76433a557eb2bbfcb5d264cf560dc8adfc28865f31766ef23f522e43fb27a5c21937dac14f94_640.jpg,640,428,https://pixabay.com/get/g78ceae58b1b941e320d267c1b057eb28a08b75bbe7a57c520aedc5a66783a8a61eef6067b9918a584bab8299a556384e5e7f21ed38772935b87e58dff094e478_1280.jpg,1982,1327,569969,938166,508558,1471,1795,380,443272,Sponchia,https://cdn.pixabay.com/user/2021/12/22/19-06-17-378_250x250.jpg,Not Animals,Popular,1.8447571368457483
1837164,https://pixabay.com/photos/rhinoceros-gray-animal-pachyderm-1837164/,photo,"rhinoceros, gray animal, pachyderm",https://cdn.pixabay.com/photo/2016/11/18/22/26/rhinoceros-1837164_150.jpg,150,99,https://pixabay.com/get/gc784f2248364e3742f6aaad4b425a8eba0234b1e60b20384a8c361cb95d61d49fec781dbc0cd347ca59a124f10ec13a09413eb70c0ecabe67685ad0783fc0b96_640.jpg,640,426,https://pixabay.com/get/gd105c641f21933115c1bc03308ae7c1fbb36f44b6f9b5c8f7ca7cc66558e5ac9cbf465d577e854e4dba457cd6964bf5fff72639e84790a63cf5cd251d151baac_1280.jpg,5184,3456,3651901,25946,14134,89,85,8,2286921,Pexels,https://cdn.pixabay.com/user/2016/03/26/22-06-36-459_250x250.jpg,Animals,Not Popular,1.8357152964482808
771541,https://pixabay.com/photos/snake-python-reptile-animal-771541/,photo,"snake, python, reptile",https://cdn.pixabay.com/photo/2015/05/17/20/39/snake-771541_150.jpg,150,91,https://pixabay.com/get/gbe21dc56053c86ca817f75ddf0337248c06767efb0481983c0ea045e1e8bafe89b1968badbbf69102dc0acdf846289b1_640.jpg,640,391,https://pixabay.com/get/g071df8c929360fd9d14fd9c8133b9b63acbf58fed39ca915bb68047be6b57070bc303247f6b3e7a044b5542052ea1ae6b52199bebc99759ac69994382e53b950_1280.jpg,5994,3663,6605057,53285,30670,110,119,18,389276,Steve001,https://cdn.pixabay.com/user/2014/08/18/20-44-37-420_250x250.jpg,Not Animals,Popular,1.7373655037495925
3964360,https://pixabay.com/photos/zebra-head-stripes-black-and-white-3964360/,photo,"zebra, head, stripes",https://cdn.pixabay.com/photo/2019/01/30/11/17/zebra-3964360_150.jpg,150,99,https://pixabay.com/get/gec91bb5d24520677d17496c6ce95ce3094c86ea8d01ac918def285dd6e3b5493aab1bc93b1268685c4e04c46d70cbdb5cdb654c219e230ff524c1a964d30093a_640.jpg,640,426,https://pixabay.com/get/g47c06af99fda960fd53e81b1e54eb78f96b65f9e9739380a6b488c53555e903c9ae90b67d692de40cbb1a6fa2ac4bb6ed6cd6402232ff384ded6cda373fabc91_1280.jpg,4272,2848,1468731,8502,4827,76,61,9,6410131,akinch,https://cdn.pixabay.com/user/2023/02/22/21-31-03-266_250x250.png,Not Animals,Not Popular,1.7613424487259166
171318,https://pixabay.com/photos/animal-giraffe-mammal-africa-171318/,photo,"animal, giraffe, mammal",https://cdn.pixabay.com/photo/2013/08/10/17/03/animal-171318_150.jpg,100,150,https://pixabay.com/get/g973c29eea11e7fbe4f8059b76c615388a6b8fa857ba7a489666b166a10271b463eb08436d27e41c22aa9b08d8e9b0b82_640.jpg,426,640,https://pixabay.com/get/g556f2e48e9b7e6a6022e8036cd0b3567e4ac51a2fc8b4a77d19a318cdfe49d0644cead65189b078429f40d1cf05f8c62359c603b6a100eb7721564d82015fd90_1280.jpg,2848,4272,2529921,94702,51579,338,244,31,47586,zgmorris13,https://cdn.pixabay.com/user/2013/08/10/04-42-16-446_250x250.jpg,Animals,Popular,1.836057310145602
6757789,https://pixabay.com/photos/animal-squirrel-mammal-wild-6757789/,photo,"animal, squirrel, mammal",https://cdn.pixabay.com/photo/2021/10/31/15/17/animal-6757789_150.jpg,150,100,https://pixabay.com/get/g9fc1d2c9b6072d12232da7925552f41bf28352afca63b091abda70aef5db4789a5b706607182b1477247b09f031e51460b566a9acacfb77dbd97e1d04f64c429_640.jpg,640,427,https://pixabay.com/get/g72b2294e7bec679232b885616dfc944467f25222512c67b574242d48a83bb997061e3df5a9aeb9fbe27831eda8c66abb4300387cc2ee5bfa30fbcd7898ee5291_1280.jpg,5568,3712,2706657,5444,3014,81,106,18,16688553,Veronika_Andrews,https://cdn.pixabay.com/user/2020/05/22/13-10-55-221_250x250.jpg,Animals,Not Popular,1.8062375580623755
4788331,https://pixabay.com/photos/monkey-eyes-animal-primate-cute-4788331/,photo,"monkey, eyes, animal",https://cdn.pixabay.com/photo/2020/01/23/17/37/monkey-4788331_150.jpg,150,99,https://pixabay.com/get/gb15500116ac5bed9db81215ebf73292f8568ccb10e0392376a934144aab3d9a770e51628c181e039223bf5619486d648712dd0a7d146ea450a1c99fb14415e29_640.jpg,640,426,https://pixabay.com/get/ge584455d6f37991d4adca82ab46bfe50fbcd04657341f76fe18800e2a832da80e833482a35c63ba11acc8bea26f3d4e27f72b919bfe3ee97a51c6ea06e46fbae_1280.jpg,5472,3648,3063678,40342,22735,166,141,29,9408103,a_m_o_u_t_o_n,https://cdn.pixabay.com/user/2020/01/23/17-29-55-356_250x250.jpg,Animals,Popular,1.774444688805806
3820327,https://pixabay.com/photos/raccoon-wild-animal-furry-mammal-3820327/,photo,"raccoon, wild animal, furry",https://cdn.pixabay.com/photo/2018/11/16/22/27/raccoon-3820327_150.jpg,150,99,https://pixabay.com/get/gb11972ba1cd375986bf8ad672abac13cc5e287684c385ce7af2ef5a956045814455a49ce346aa3a7714c7c8689d693f4052c5670183a6e078c3aba41374f813f_640.jpg,640,426,https://pixabay.com/get/g92e808218a19e77a58a530d3ffeb8a75f35d246f633353fbab2f2b2f1835980194d164b0608adca760df67e682b282185e4d20ac3f942cf0202d52bc12e2e119_1280.jpg,6000,4000,5979628,18321,10986,167,166,25,686414,Alexas_Fotos,https://cdn.pixabay.com/user/2024/04/18/09-33-47-584_250x250.png,Animals,Popular,1.6676679410158384
3758310,https://pixabay.com/photos/zebra-animal-mammal-wildlife-wild-3758310/,photo,"zebra, animal, mammal",https://cdn.pixabay.com/photo/2018/10/19/10/25/zebra-3758310_150.jpg,150,99,https://pixabay.com/get/geec35a64a5231c77f16ad8969294464170cc38c33af14cdfa0f82d48fdc560c145619e55b46e0603d1c11232be55730e7dca85241098359007f584a93b0cd46f_640.jpg,640,426,https://pixabay.com/get/g68937e326900072c5987c4c973b3656a255040aa2fea7c4428052b9b8a3b3621e8f98de321092e9f9ce051610be447801691f124fabae6e9d7232a4a2506b7f4_1280.jpg,6720,4480,8046696,32848,19732,204,133,22,199315,Pf√ºderi,https://cdn.pixabay.com/user/2022/03/01/14-54-45-332_250x250.jpg,Animals,Not Popular,1.6647070748023516
4388014,https://pixabay.com/photos/fox-red-fox-nature-animals-wild-4388014/,photo,"fox, red fox, nature",https://cdn.pixabay.com/photo/2019/08/06/10/40/fuchs-4388014_150.jpg,150,99,https://pixabay.com/get/gd99d39abda74e505b10123f54173b76877401ffe0ed8d449c9430da374f5b8d65fa34eb702d569a4d08dc996c85f8cece949a9ebd720784d0d42e1fdaed09191_640.jpg,640,426,https://pixabay.com/get/g163ad81cbbf82abe89b94b4c3c4f595551c19d5bb5126963ff6e33a494894c0e9b54343820ec6ee14b6a03a5d9fbcfaafd12db3a702b58e79d2822442f9e5801_1280.jpg,3353,2235,1642968,25550,13394,116,159,21,13009256,Leuchtpunkt,https://cdn.pixabay.com/user/2020/12/07/11-58-24-741_250x250.jpg,Animals,Popular,1.9075705539793937
1835689,https://pixabay.com/photos/koala-marsupial-animal-fur-nature-1835689/,photo,"koala, marsupial, animal",https://cdn.pixabay.com/photo/2016/11/18/16/33/koala-1835689_150.jpg,150,99,https://pixabay.com/get/g9dccfd233999a3eed74f96004853a43da4e72c444976efc992ad1661deac0bebba046ce2637921697b9f2ee069a1ae12f250255a6e4983a1f14b04d88d510626_640.jpg,640,426,https://pixabay.com/get/gf0aae6461b40e8bf05bf31cc8ce0ee1743e7543949d88291deb66b156ea00cfd6832d3c4c511522d54c6900e1cad2be9f8cbd92c97b1727e12dc4ae34dbed938_1280.jpg,3888,2592,3172244,16561,9106,74,79,7,2286921,Pexels,https://cdn.pixabay.com/user/2016/03/26/22-06-36-459_250x250.jpg,Animals,Not Popular,1.818690972984845
